company,job_title,linkedin_job_id,location,posted_on,posted_date,work_mode,employment_type,skills
Microsoft,SOFTWARE ENGINEER,null,"Bengaluru, Karnataka, India",2 weeks ago,04-08-2024,2 weeks ago,2 weeks ago,null
Microsoft,Software Engineer,null,"Hyderabad, Telangana, India",5 days ago,01-08-2024,5 days ago,5 days ago,null
Microsoft,Applied Sciences IC2,null,"Bengaluru, Karnataka, India",6 days ago,31-07-2024,6 days ago,6 days ago,null
Microsoft,Software Engineer,null,"Bengaluru, Karnataka, India",6 days ago,31-07-2024,6 days ago,6 days ago,null
Microsoft,Software Engineer,null,"Bengaluru, Karnataka, India",4 days ago,02-08-2024,4 days ago,4 days ago,null
Microsoft,Software Engineer I,null,"Bengaluru, Karnataka, India",4 days ago,02-08-2024,4 days ago,4 days ago,null
Microsoft,Software Engineering: Internship Opportunity,null,"Karnataka, India",2 weeks ago,04-08-2024,2 weeks ago,2 weeks ago,null
Microsoft,Software Engineering: Internship Opportunity,null,"Maharashtra, India",2 weeks ago,04-08-2024,2 weeks ago,2 weeks ago,null
Microsoft,Software Engineering: Internship Opportunity,null,"Telangana, India",2 weeks ago,04-08-2024,2 weeks ago,2 weeks ago,null
Microsoft,Software Engineer,null,"Bengaluru, Karnataka, India",1 week ago,05-08-2024,1 week ago,1 week ago,null
Microsoft,Software Engineer,null,"Hyderabad, Telangana, India",5 days ago,01-08-2024,5 days ago,5 days ago,null
Microsoft,Software Engineer,null,"Bengaluru, Karnataka, India",1 week ago,05-08-2024,1 week ago,1 week ago,null
Microsoft,Software Engineer,null,"Bengaluru, Karnataka, India",1 day ago,05-08-2024,1 day ago,1 day ago,null
Microsoft,Software Engineering: Internship Opportunity,null,"Delhi, India",2 weeks ago,04-08-2024,2 weeks ago,2 weeks ago,null
Microsoft,Software Engineering: Internship Opportunity,null,"Haryana, India",2 weeks ago,04-08-2024,2 weeks ago,2 weeks ago,null
Microsoft,Software Engineer,null,"Hyderabad, Telangana, India",5 days ago,01-08-2024,5 days ago,5 days ago,null
Microsoft,Software Engineering: Internship Opportunity,null,"Andhra Pradesh, India",2 weeks ago,04-08-2024,2 weeks ago,2 weeks ago,null
Microsoft,Software Engineering: Internship Opportunity,null,"Uttar Pradesh, India",2 weeks ago,04-08-2024,2 weeks ago,2 weeks ago,null
Microsoft,Software Engineering: Internship Opportunity,null,"Goa, India",2 weeks ago,04-08-2024,2 weeks ago,2 weeks ago,null
Microsoft,Software Engineer,null,"Hyderabad, Telangana, India",5 days ago,01-08-2024,5 days ago,5 days ago,null
Microsoft,Software Engineering: Internship Opportunity,null,"West Bengal, India",2 weeks ago,04-08-2024,2 weeks ago,2 weeks ago,null
Microsoft,Software Engineer,null,"Hyderabad, Telangana, India",5 days ago,01-08-2024,5 days ago,5 days ago,null
Microsoft,Software Engineer,null,"Noida, Uttar Pradesh, India",5 days ago,01-08-2024,5 days ago,5 days ago,null
Microsoft,Senior HR Business Partner,null,"Hyderabad, Telangana, India",1 week ago,05-08-2024,1 week ago,1 week ago,null
Microsoft,Customer Success Account Manager,null,Mumbai Metropolitan Region,1 week ago,05-08-2024,1 week ago,1 week ago,null
Microsoft,Technical Support Engineering,null,"Bengaluru, Karnataka, India",2 weeks ago,04-08-2024,2 weeks ago,2 weeks ago,null
Microsoft,Associate Researcher,null,"Bengaluru, Karnataka, India",null,null,20 hours ago,20 hours ago,null
Microsoft,Technical Support Engineering,null,"Bengaluru, Karnataka, India",2 weeks ago,04-08-2024,2 weeks ago,2 weeks ago,null
Microsoft,Demand Planning,null,"Hyderabad, Telangana, India",2 weeks ago,04-08-2024,2 weeks ago,2 weeks ago,null
Microsoft,Designer II,null,"Bengaluru, Karnataka, India",5 days ago,01-08-2024,5 days ago,5 days ago,null
Microsoft,Data Scientist,null,"Bengaluru, Karnataka, India",2 days ago,04-08-2024,2 days ago,2 days ago,null
Microsoft,Software Engineer,null,"Bengaluru, Karnataka, India",3 days ago,03-08-2024,3 days ago,3 days ago,null
Microsoft,Software Engineering: Internship Opportunity,null,"Madhya Pradesh, India",2 weeks ago,04-08-2024,2 weeks ago,2 weeks ago,null
Microsoft,Software Engineer,null,"Hyderabad, Telangana, India",5 days ago,01-08-2024,5 days ago,5 days ago,null
Microsoft,Software Engineer,null,"Hyderabad, Telangana, India",4 days ago,02-08-2024,4 days ago,4 days ago,null
Microsoft,Software Engineering: Internship Opportunity,null,"Lakshadweep, India",2 weeks ago,04-08-2024,2 weeks ago,2 weeks ago,null
Microsoft,Software Engineering: Internship Opportunity,null,"Tamil Nadu, India",2 weeks ago,04-08-2024,2 weeks ago,2 weeks ago,null
Microsoft,Designer 2,null,"Hyderabad, Telangana, India",3 days ago,03-08-2024,3 days ago,3 days ago,null
Microsoft,Software Engineering: Internship Opportunity,null,"Uttarakhand, India",2 weeks ago,04-08-2024,2 weeks ago,2 weeks ago,null
Microsoft,Software Engineer,null,"Hyderabad, Telangana, India",5 days ago,01-08-2024,5 days ago,5 days ago,null
Microsoft,Software Engineering: Internship Opportunity,null,"Mizoram, India",2 weeks ago,04-08-2024,2 weeks ago,2 weeks ago,null
Microsoft,Software Engineering: Internship Opportunity,null,"Meghalaya, India",2 weeks ago,04-08-2024,2 weeks ago,2 weeks ago,null
Microsoft,Software Engineer,null,"Hyderabad, Telangana, India",5 days ago,01-08-2024,5 days ago,5 days ago,null
Microsoft,Software Engineering: Internship Opportunity,null,"Nagaland, India",2 weeks ago,04-08-2024,2 weeks ago,2 weeks ago,null
Microsoft,Software Engineer,null,"Hyderabad, Telangana, India",5 days ago,01-08-2024,5 days ago,5 days ago,null
Microsoft,Software Engineering: Internship Opportunity,null,"Himachal Pradesh, India",2 weeks ago,04-08-2024,2 weeks ago,2 weeks ago,null
Microsoft,Software Engineering: Internship Opportunity,null,"Odisha, India",2 weeks ago,04-08-2024,2 weeks ago,2 weeks ago,null
Microsoft,Digital Specialist – Support Solution (India),null,"Gurgaon, Haryana, India",4 days ago,02-08-2024,4 days ago,4 days ago,null
Microsoft,Software Engineer,null,"Hyderabad, Telangana, India",5 days ago,01-08-2024,5 days ago,5 days ago,null
Microsoft,Software Engineer,null,"Hyderabad, Telangana, India",5 days ago,01-08-2024,5 days ago,5 days ago,null
Google,Digital Marketing Strategist,null,"Gurugram, Haryana, India",2 days ago,04-08-2024,2 days ago,2 days ago,null
Google,Technical Recruiter,null,"Bengaluru, Karnataka, India",1 week ago,05-08-2024,1 week ago,1 week ago,null
Google,Marketing Category Manager,null,"Gurgaon, Haryana, India",2 weeks ago,04-08-2024,2 weeks ago,2 weeks ago,null
Google,"Software Engineer, University Graduate, 2025",null,"Bengaluru, Karnataka, India",5 days ago,01-08-2024,5 days ago,5 days ago,null
Google,"Software Engineer, University Graduate, 2025",null,Mumbai Metropolitan Region,5 days ago,01-08-2024,5 days ago,5 days ago,null
Google,"Software Engineer, University Graduate, 2025",null,"Gurgaon, Haryana, India",5 days ago,01-08-2024,5 days ago,5 days ago,null
Google,"Software Engineer, University Graduate, 2025",null,"Hyderabad, Telangana, India",5 days ago,01-08-2024,5 days ago,5 days ago,null
Google,"Software Engineer, University Graduate, 2025",null,"Pune, Maharashtra, India",5 days ago,01-08-2024,5 days ago,5 days ago,null
Google,Marketing Category Manager,null,"Bengaluru, Karnataka, India",3 days ago,03-08-2024,3 days ago,3 days ago,null
Google,Internal Communications Specialist,null,"Gurugram, Haryana, India",4 days ago,02-08-2024,4 days ago,4 days ago,null
Google,"Analyst, Marketing Finance",null,"Gurgaon, Haryana, India",3 days ago,03-08-2024,3 days ago,3 days ago,null
Google,Finance Analyst,null,"Bengaluru, Karnataka, India",2 days ago,04-08-2024,2 days ago,2 days ago,null
Google,"Product Specialist, Product and Sales Activation",null,"Gurugram, Haryana, India",2 weeks ago,04-08-2024,2 weeks ago,2 weeks ago,null
Google,Financial Analyst,null,"Bengaluru, Karnataka, India",2 days ago,04-08-2024,2 days ago,2 days ago,null
Google,Digital Marketing Strategist,null,"Hyderabad, Telangana, India",2 days ago,04-08-2024,2 days ago,2 days ago,null
Google,Data Analyst,null,"Hyderabad, Telangana, India",2 weeks ago,04-08-2024,2 weeks ago,2 weeks ago,null
Google,Internal Communications Specialist,null,"Bengaluru, Karnataka, India",3 days ago,03-08-2024,3 days ago,3 days ago,null
Google,"Accountant, Platforms and Ecosystems",null,"Hyderabad, Telangana, India",2 weeks ago,04-08-2024,2 weeks ago,2 weeks ago,null
Google,"Software Engineer, Core",null,"Hyderabad, Telangana, India",2 days ago,04-08-2024,2 days ago,2 days ago,null
Google,Executive Recruiter,null,"Gurugram, Haryana, India",null,null,7 hours ago,7 hours ago,null
Google,"Marketing Analytics Manager, Ads Marketing",null,"Gurugram, Haryana, India",3 weeks ago,03-08-2024,3 weeks ago,3 weeks ago,null
Google,"Account Manager, Ad Sales",null,"Gurgaon, Haryana, India",1 day ago,05-08-2024,1 day ago,1 day ago,null
Google,"Growth Manager, AppDev (English, Hindi)",null,"Gurugram, Haryana, India",1 week ago,05-08-2024,1 week ago,1 week ago,null
Google,Executive Recruiter,null,"Bengaluru, Karnataka, India",null,null,7 hours ago,7 hours ago,null
Google,"Software Engineer, Google Ads",null,"Bengaluru, Karnataka, India",5 days ago,01-08-2024,5 days ago,5 days ago,null
Google,"Account Strategist, Mid-Market Sales, Google Customer Solutions",null,"Gurugram, Haryana, India",4 days ago,02-08-2024,4 days ago,4 days ago,null
Google,"Account Strategist, Mid-Market Sales, Google Customer Solutions",null,Mumbai Metropolitan Region,4 days ago,02-08-2024,4 days ago,4 days ago,null
Google,"Software Engineer, Payments",null,"Bengaluru, Karnataka, India",5 days ago,01-08-2024,5 days ago,5 days ago,null
Google,Executive Recruiter,null,"Hyderabad, Telangana, India",null,null,7 hours ago,7 hours ago,null
Google,"Program Manager, Strategy and Operations",null,"Hyderabad, Telangana, India",1 week ago,05-08-2024,1 week ago,1 week ago,null
Google,"Software Engineer, Payments",null,"Hyderabad, Telangana, India",2 weeks ago,04-08-2024,2 weeks ago,2 weeks ago,null
Google,"Customer Onboarding Strategist, Acquisitions, Google Customer Solutions",null,"Bengaluru, Karnataka, India",2 weeks ago,04-08-2024,2 weeks ago,2 weeks ago,null
Google,"Administrative Business Partner, Search Platforms",null,"Bengaluru, Karnataka, India",null,null,13 hours ago,13 hours ago,null
Google,"Software Engineer, YouTube",null,"Bengaluru, Karnataka, India",2 weeks ago,04-08-2024,2 weeks ago,2 weeks ago,null
Google,"Product Support Manager, Google Play",null,"Gurgaon, Haryana, India",2 weeks ago,04-08-2024,2 weeks ago,2 weeks ago,null
Google,"Embedded Software Engineer, University Graduate, 2025",null,"Bengaluru, Karnataka, India",3 days ago,03-08-2024,3 days ago,3 days ago,null
Google,Senior Talent Engagement Specialist,null,"Bengaluru, Karnataka, India",3 days ago,03-08-2024,3 days ago,3 days ago,null
Google,"Product Manager, Search",null,"Bengaluru, Karnataka, India",3 days ago,03-08-2024,3 days ago,3 days ago,null
Google,"Product Manager, Member Retention and Experience",null,"Bengaluru, Karnataka, India",2 weeks ago,04-08-2024,2 weeks ago,2 weeks ago,null
Google,"Media lead, Marketing",null,"Gurgaon, Haryana, India",null,null,13 hours ago,13 hours ago,null
Google,People Consultant (Fixed-Term Contract),null,"Bengaluru, Karnataka, India",2 weeks ago,04-08-2024,2 weeks ago,2 weeks ago,null
Google,"Software Engineer, Front End, Google Cloud",null,"Bengaluru, Karnataka, India",6 days ago,31-07-2024,6 days ago,6 days ago,null
Google,"Product Manager, Looker",null,"Hyderabad, Telangana, India",2 days ago,04-08-2024,2 days ago,2 days ago,null
Google,"Strategy and Operations Lead, Go-To-Market",null,"Gurgaon, Haryana, India",3 days ago,03-08-2024,3 days ago,3 days ago,null
Google,Senior Talent Engagement Specialist,null,"Hyderabad, Telangana, India",3 days ago,03-08-2024,3 days ago,3 days ago,null
Google,"Research Scientist, Google Assistant",null,"Bengaluru, Karnataka, India",2 weeks ago,04-08-2024,2 weeks ago,2 weeks ago,null
Google,"Finance Lead, Payments, Finance",null,"Bengaluru, Karnataka, India",2 days ago,04-08-2024,2 days ago,2 days ago,null
Google,"Business Finance Analyst, Cross Programs, Google Customer Solutions",null,"Bengaluru, Karnataka, India",1 day ago,05-08-2024,1 day ago,1 day ago,null
Google,"Financial Analyst, Go-to-Market Finance, Google Cloud Consulting",null,"Bengaluru, Karnataka, India",2 days ago,04-08-2024,2 days ago,2 days ago,null
Google,"Program Manager, Vendor Quality Operations",null,"Bengaluru, Karnataka, India",2 weeks ago,04-08-2024,2 weeks ago,2 weeks ago,null
Amazon,"Virtual Customer Support Associate - Tamil Nadu, India",null,"Tamil Nadu, India",null,null,13 hours ago,13 hours ago,null
Amazon,Business Analyst I,null,"Bengaluru, Karnataka, India",null,null,20 hours ago,20 hours ago,null
Amazon,"Operations Associate, Compliance India Team",null,"Hyderabad, Telangana, India",null,null,20 hours ago,20 hours ago,null
Amazon,"SBS - Assistant Brand Manager, India Consumables",null,"Bengaluru, Karnataka, India",null,null,20 hours ago,20 hours ago,null
Amazon,"Staff Accountant, FOAA",null,"Bengaluru, Karnataka, India",null,null,20 hours ago,20 hours ago,null
Amazon,Process Assistant,null,"Jaipur, Rajasthan, India",null,null,20 hours ago,20 hours ago,null
Amazon,"Virtual Customer Support Associate - Delhi, India",null,"Delhi, India",null,null,13 hours ago,13 hours ago,null
Amazon,"Team Lead , Last Mile",null,"Delhi, Delhi, India",null,null,19 hours ago,19 hours ago,null
Amazon,"Art Director, Digital Studios",null,"Bengaluru, Karnataka, India",null,null,20 hours ago,20 hours ago,null
Amazon,"FinOps Analyst, Accounts Payable",null,"Hyderabad, Telangana, India",null,null,6 hours ago,6 hours ago,null
Amazon,"Team Lead, Last mile",null,Mumbai Metropolitan Region,null,null,20 hours ago,20 hours ago,null
Amazon,"Account Manager, Global Selling",null,"Bengaluru, Karnataka, India",null,null,13 hours ago,13 hours ago,null
Amazon,"Operations Manager, Operations Manager (INFC)",null,"Gurgaon, Haryana, India",null,null,20 hours ago,20 hours ago,null
Amazon,Team Lead,null,"Faridabad, Haryana, India",null,null,6 hours ago,6 hours ago,null
Amazon,Transportation Representative,null,"Andhra Pradesh, India",null,null,20 hours ago,20 hours ago,null
Amazon,"Financial Analyst, FOAA",null,"Bengaluru, Karnataka, India",null,null,6 hours ago,6 hours ago,null
Amazon,"Central Operations Support Executive, IN External Fulfillment",null,"Karnataka, India",null,null,6 hours ago,6 hours ago,null
Amazon,"WHS Officer, WHS",null,"Jaipur, Rajasthan, India",null,null,20 hours ago,20 hours ago,null
Amazon,"Creative Production Manager, Digital Studios",null,"Bengaluru, Karnataka, India",null,null,20 hours ago,20 hours ago,null
Amazon,"Manager, Account Management",null,"Bengaluru, Karnataka, India",null,null,20 hours ago,20 hours ago,null
Amazon,RME Coordinator,null,"Lucknow, Uttar Pradesh, India",null,null,20 hours ago,20 hours ago,null
Amazon,"Operations Manager, Operations Manager (INFC)",null,"Thane, Maharashtra, India",null,null,20 hours ago,20 hours ago,null
Amazon,"Team Lead, Amazon Transportation Services",null,"Gurgaon, Haryana, India",null,null,13 hours ago,13 hours ago,null
Amazon,"Program Manager, Selection",null,"Bengaluru, Karnataka, India",null,null,20 hours ago,20 hours ago,null
Amazon,ICQA Process Assistant,null,"Bengaluru, Karnataka, India",null,null,19 hours ago,19 hours ago,null
Amazon,ICQA Process Assistant,null,"Bengaluru, Karnataka, India",null,null,19 hours ago,19 hours ago,null
Amazon,ML Data Associate I,null,"Chennai, Tamil Nadu, India",null,null,20 hours ago,20 hours ago,null
Amazon,"Sr. Category Manager, Amazon Business",null,"Bengaluru, Karnataka, India",null,null,13 hours ago,13 hours ago,null
Amazon,"Sr. Marketing & Ops Associate, IN Creator Success",null,"Bengaluru, Karnataka, India",null,null,13 hours ago,13 hours ago,null
Amazon,"FinOps Analyst, Accounts Payable",null,"Hyderabad, Telangana, India",null,null,6 hours ago,6 hours ago,null
Amazon,Responsable d'équipe logistique junior,null,"Saran, Bihar, India",null,null,13 hours ago,13 hours ago,null
Amazon,WHS Officer,null,"Ahmedabad, Gujarat, India",null,null,19 hours ago,19 hours ago,null
Amazon,"Central Operations Support Executive, IN External Fulfillment",null,"Karnataka, India",null,null,6 hours ago,6 hours ago,null
Amazon,SPS Associate,null,"West Bengal, India",null,null,20 hours ago,20 hours ago,null
Amazon,Quality Assurance Engineer,null,"Bengaluru, Karnataka, India",null,null,19 hours ago,19 hours ago,null
Amazon,"Business Development Head, Startups, Amazon Business",null,"Bengaluru, Karnataka, India",null,null,13 hours ago,13 hours ago,null
Amazon,"SBS - Brand Manager, Home Entertainment",null,"Bengaluru, Karnataka, India",null,null,13 hours ago,13 hours ago,null
Amazon,"FinOps Analyst, Accounts Payable",null,"Hyderabad, Telangana, India",null,null,6 hours ago,6 hours ago,null
null,null,null,null,null,null,null,null,null
Amazon,"Central Operations Support Executive, IN External Fulfillment",null,"Karnataka, India",null,null,6 hours ago,6 hours ago,null
Amazon,"FinOps Analyst, Accounts Payable",null,"Hyderabad, Telangana, India",null,null,6 hours ago,6 hours ago,null
Amazon,"Central Operations Support Executive, IN External Fulfillment",null,"Karnataka, India",null,null,6 hours ago,6 hours ago,null
Amazon,Program Manager- Operations,null,"Chennai, Tamil Nadu, India",null,null,19 hours ago,19 hours ago,null
Amazon,"Senior FinOps Analyst, Accounts Payable",null,"Hyderabad, Telangana, India",null,null,6 hours ago,6 hours ago,null
Amazon,"FinOps Analyst, Accounts Payable",null,"Hyderabad, Telangana, India",null,null,6 hours ago,6 hours ago,null
Amazon,Catalog Assistant,null,"Bengaluru, Karnataka, India",null,null,20 hours ago,20 hours ago,null
Amazon,FinOps Analyst,null,"Borivali, Maharashtra, India",null,null,6 hours ago,6 hours ago,null
Amazon,"Senior FinOps Analyst, Accounts Payable",null,"Hyderabad, Telangana, India",null,null,6 hours ago,6 hours ago,null
Amazon,"SBS - Assistant Brand Manager, Large Appliances",null,"Bengaluru, Karnataka, India",null,null,20 hours ago,20 hours ago,null
Amazon,"ACES Manager Sort Center, Middle Mile ACES",null,"Bhubaneswar, Odisha, India",null,null,20 hours ago,20 hours ago,null
